Fallout Four,471592
CSGO,788407
L4D2,23097
GTA V,364548
H1Z1,26791
Terraria,159175
The Witcher - 3,92257
Smite,20236
Team Fortress 2,91981
Path of Exile,32302
Skyrim,90957
Borderlands 2,21943
ARK,84885
Football Manager,77123
Binding of Isaac,70202
Firebird,9855
Sid Meiers,66919
Dying Light,9676
Clicker Heroes,65862
Garrys Mod,59028
Starbound,9405
Fallout 3,9006
Trove,58949
Warface ,5970
PAYDAY 2,54250
Warframe,50223
Arma 3,47784
Unturned,36818
Warthunder,35264
DayZ,45528
Spacewar,8715
Cities Skylines,60386
TERA,25260
Block N Load,8640
NeverWinter,9613
Killing Floor 2,24250
ArcheAge,6509
Dont Starve,16631
Planet Base ,6670
Dead Island,16367
DIRT Rally,2055
Just Cause 2,5279
NBA 2K15,8203
BioShock Infinite,11227
Magic Duels,14586
Portal 2,10216
Tomb Raider,9763
Transformice,5628
Geometry Dash,3997
